﻿<parameters>
  <parameter name="IIS Web Application Name" defaultValue="__SiteName__" tags="IisApp">
    <parameterEntry kind="ProviderPath" scope="IisApp" match="^C:\\projects\\github\\VSTSServiceHookDsl\\TFSEventsProcessor\\obj\\Release\\Package\\PackageTmp$" />
    <parameterEntry kind="ProviderPath" scope="setAcl" match="^C:\\projects\\github\\VSTSServiceHookDsl\\TFSEventsProcessor\\obj\\Release\\Package\\PackageTmp$" />
  </parameter>
  <parameter name="Add write permission to App_Data Folder" description="Add write permission to App_Data folder" defaultValue="{IIS Web Application Name}/App_Data" tags="Hidden">
    <parameterEntry kind="ProviderPath" scope="setAcl" match="^C:\\projects\\github\\VSTSServiceHookDsl\\TFSEventsProcessor\\obj\\Release\\Package\\PackageTmp\\App_Data$" />
  </parameter>
  <parameter name="EmailDomain" description="Description for EmailDomain" defaultValue="__EMAILDOMAIN__">
    <parameterEntry kind="XmlFile" scope="\\web.config$" match="/configuration/appSettings/add[@key='EmailDomain']/@value" />
  </parameter>
  <parameter name="LogEventsToFile" description="Description for LogEventsToFile" defaultValue="__LOGEVENTSTOFILE__">
    <parameterEntry kind="XmlFile" scope="\\web.config$" match="/configuration/appSettings/add[@key='LogEventsToFile']/@value" />
  </parameter>
  <parameter name="LoggingFolder" description="Description for LoggingFolder" defaultValue="__LOGGINGFOLDER__">
    <parameterEntry kind="XmlFile" scope="\\web.config$" match="/configuration/appSettings/add[@key='LoggingFolder']/@value" />
  </parameter>
  <parameter name="SMTPServer" description="Description for SMTPServer" defaultValue="__SMTPSERVER__">
    <parameterEntry kind="XmlFile" scope="\\web.config$" match="/configuration/appSettings/add[@key='SMTPServer']/@value" />
  </parameter>
  <parameter name="SMTPPort" description="Description for SMTPPort" defaultValue="__SMTPPORT__">
    <parameterEntry kind="XmlFile" scope="\\web.config$" match="/configuration/appSettings/add[@key='SMTPPort']/@value" />
  </parameter>
  <parameter name="SMTPUsername" description="Description for SMTPUsername" defaultValue="__SMTPUSERNAME__">
    <parameterEntry kind="XmlFile" scope="\\web.config$" match="/configuration/appSettings/add[@key='SMTPUsername']/@value" />
  </parameter>
  <parameter name="SMTPPassword" description="Description for SMTPPassword" defaultValue="__SMTPPASSWORD__">
    <parameterEntry kind="XmlFile" scope="\\web.config$" match="/configuration/appSettings/add[@key='SMTPPassword']/@value" />
  </parameter>
  <parameter name="FromEmail" description="Description for FromEmail" defaultValue="__FROMEMAIL__">
    <parameterEntry kind="XmlFile" scope="\\web.config$" match="/configuration/appSettings/add[@key='FromEmail']/@value" />
  </parameter>
  <parameter name="ScriptFile" description="Description for ScriptFile" defaultValue="__SCRIPTFILE__">
    <parameterEntry kind="XmlFile" scope="\\web.config$" match="/configuration/appSettings/add[@key='ScriptFile']/@value" />
  </parameter>
  <parameter name="DSLFolder" description="Description for DSLFolder" defaultValue="__DSLFOLDER__">
    <parameterEntry kind="XmlFile" scope="\\web.config$" match="/configuration/appSettings/add[@key='DSLFolder']/@value" />
  </parameter>
  <parameter name="ScriptFolder" description="Description for ScriptFolder" defaultValue="__SCRIPTFOLDER__">
    <parameterEntry kind="XmlFile" scope="\\web.config$" match="/configuration/appSettings/add[@key='ScriptFolder']/@value" />
  </parameter>
  <parameter name="UseSubscriptionId" description="Description for UseSubscriptionId" defaultValue="__USESUBSCRIPTIONID__">
    <parameterEntry kind="XmlFile" scope="\\web.config$" match="/configuration/appSettings/add[@key='UseSubscriptionId']/@value" />
  </parameter>
  <parameter name="UserNameForUser" defaultValue="__USERNAME__" />
  <parameter name="PasswordForUser" defaultValue="__PASSWORD__" />
  <parameter name="InstanceName" defaultValue="__INSTANCENAME__" />
  <parameter name="InstancePAT" defaultValue="__INSTANCEPAT__" />
  <parameter name="UserPassword" description="Adds user creds" defaultValue="&lt;add key='{UserNameForUser}' value='{PasswordForUser}' /&gt;" tags="Hidden">
    <parameterEntry kind="XmlFile" scope="Web.config" match="/configuration/Users" />
  </parameter>
  <parameter name="VSTSInstance" description="Adds instance creds" defaultValue="&lt;add key='{InstanceName}' value='{InstancePAT}' /&gt;" tags="Hidden">
    <parameterEntry kind="XmlFile" scope="Web.config" match="/configuration/VSTSInstance" />
  </parameter>
</parameters>