﻿<parameters>
  <parameter name="IIS Web Application Name" defaultValue="__SiteName__" tags="IisApp">
    <parameterEntry kind="ProviderPath" scope="IisApp" match="^C:\\projects\\github\\TfsAlertsDsl\\WorkItemEventProcessor\\obj\\Release\\Package\\PackageTmp$" />
    <parameterEntry kind="ProviderPath" scope="setAcl" match="^C:\\projects\\github\\TfsAlertsDsl\\WorkItemEventProcessor\\obj\\Release\\Package\\PackageTmp$" />
  </parameter>
  <parameter name="EmailDomain" description="Description for EmailDomain" defaultValue="__EMAILDOMAIN__">
    <parameterEntry kind="XmlFile" scope="\\web.config$" match="/configuration/appSettings/add[@key='EmailDomain']/@value" />
  </parameter>
  <parameter name="LogEventsToFile" description="Description for LogEventsToFile" defaultValue="__LOGEVENTSTOFILE__">
    <parameterEntry kind="XmlFile" scope="\\web.config$" match="/configuration/appSettings/add[@key='LogEventsToFile']/@value" />
  </parameter>
  <parameter name="WorkItemTrackingCacheRoot" description="Description for WorkItemTrackingCacheRoot" defaultValue="__WORKITEMTRACKINGCACHEROOT__">
    <parameterEntry kind="XmlFile" scope="\\web.config$" match="/configuration/appSettings/add[@key='WorkItemTrackingCacheRoot']/@value" />
  </parameter>
  <parameter name="LoggingFolder" description="Description for LoggingFolder" defaultValue="__LOGGINGFOLDER__">
    <parameterEntry kind="XmlFile" scope="\\web.config$" match="/configuration/appSettings/add[@key='LoggingFolder']/@value" />
  </parameter>
  <parameter name="SMTPServer" description="Description for SMTPServer" defaultValue="__SMTPSERVER__">
    <parameterEntry kind="XmlFile" scope="\\web.config$" match="/configuration/appSettings/add[@key='SMTPServer']/@value" />
  </parameter>
  <parameter name="FromEmail" description="Description for FromEmail" defaultValue="__FROMEMAIL__">
    <parameterEntry kind="XmlFile" scope="\\web.config$" match="/configuration/appSettings/add[@key='FromEmail']/@value" />
  </parameter>
  <parameter name="ScriptFile" description="Description for ScriptFile" defaultValue="__SCRIPTFILE__">
    <parameterEntry kind="XmlFile" scope="\\web.config$" match="/configuration/appSettings/add[@key='ScriptFile']/@value" />
  </parameter>
  <parameter name="DSLFolder" description="Description for DSLFolder" defaultValue="__DSLFOLDER__">
    <parameterEntry kind="XmlFile" scope="\\web.config$" match="/configuration/appSettings/add[@key='DSLFolder']/@value" />
  </parameter>
  <parameter name="ScriptFolder" description="Description for ScriptFolder" defaultValue="__SCRIPTFOLDER__">
    <parameterEntry kind="XmlFile" scope="\\web.config$" match="/configuration/appSettings/add[@key='ScriptFolder']/@value" />
  </parameter>
  <parameter name="PAT" description="Description for PAT" defaultValue="__PAT__">
    <parameterEntry kind="XmlFile" scope="\\web.config$" match="/configuration/appSettings/add[@key='PAT']/@value" />
  </parameter>
  <parameter name="PASSWORD" description="Description for User" defaultValue="__PASSWORD__">
    <parameterEntry kind="XmlFile" scope="\\web.config$" match="/configuration/users/add[@key='user1']/@value" />
  </parameter>
</parameters>